<?xml version="1.0" encoding="UTF-8"?>
<beans xmlns="http://www.springframework.org/schema/beans"
	xmlns:xsi="http://www.w3.org/2001/XMLSchema-instance"
	xmlns:context="http://www.springframework.org/schema/context"
	xmlns:util="http://www.springframework.org/schema/util"
	xsi:schemaLocation="http://www.springframework.org/schema/beans http://www.springframework.org/schema/beans/spring-beans.xsd
		http://www.springframework.org/schema/context http://www.springframework.org/schema/context/spring-context-4.2.xsd
		http://www.springframework.org/schema/util http://www.springframework.org/schema/util/spring-util-4.2.xsd">
	
<!-- 	<tx:annotation-driven proxy-target-class="true" transaction-manager="transactionManager"></tx:annotation-driven>
 -->	
	
	<bean id="dataSource" class="org.springframework.jdbc.datasource.DriverManagerDataSource">
		<property name="url" value="jdbc:mysql://localhost:3306/sakila2?zeroDateTimeBehavior=convertToNull" />
		<property name="driverClassName" value="com.mysql.jdbc.Driver" />
		<property name="username" value="root" />
		<property name="password" value="password" />
	</bean>
 
    <!-- Creating TransactionManager Bean, since JDBC we are creating of type 
        DataSourceTransactionManager -->
    <bean id="transactionManager"
        class="org.springframework.jdbc.datasource.DataSourceTransactionManager">
        <property name="dataSource" ref="dataSource" />
    </bean>
	<context:annotation-config />
	<context:component-scan base-package="com.cg.fms" />
	
</beans>
