<?xml version="1.0" encoding="UTF-8"?>
<beans xmlns="http://www.springframework.org/schema/beans"
	xmlns:xsi="http://www.w3.org/2001/XMLSchema-instance"
	xmlns:context="http://www.springframework.org/schema/context"
	xmlns:tx="http://www.springframework.org/schema/tx"
	xmlns:jpa="http://www.springframework.org/schema/data/jpa"
	xmlns:mvc="http://www.springframework.org/schema/mvc"
	xmlns:aop="http://www.springframework.org/schema/aop"
	xsi:schemaLocation="http://www.springframework.org/schema/aop http://www.springframework.org/schema/aop/spring-aop-4.2.xsd
		http://www.springframework.org/schema/mvc http://www.springframework.org/schema/mvc/spring-mvc-4.2.xsd
		http://www.springframework.org/schema/beans http://www.springframework.org/schema/beans/spring-beans.xsd
		http://www.springframework.org/schema/data/jpa http://www.springframework.org/schema/data/jpa/spring-jpa-1.8.xsd
		http://www.springframework.org/schema/tx http://www.springframework.org/schema/tx/spring-tx-4.2.xsd
		http://www.springframework.org/schema/context http://www.springframework.org/schema/context/spring-context-4.2.xsd">


	<context:annotation-config/>
	<context:component-scan base-package="com.cg"/>
	<jpa:repositories base-package="com.cg.ems.repo"/>
	<mvc:annotation-driven></mvc:annotation-driven>
	 <bean id="viewResolver1" class="org.springframework.web.servlet.view.ResourceBundleViewResolver">
        <property name="order" value="3"/>
        <property name="basename" value="views"/>
    </bean>
	<bean id="entityManagerFactory" 
	class="org.springframework.orm.jpa.LocalContainerEntityManagerFactoryBean">
		<property name="persistenceUnitName" value="hello"/>
		<property name="dataSource" ref="dataSource" />
		<property name="jpaVendorAdapter">
			<bean class="org.springframework.orm.jpa.vendor.HibernateJpaVendorAdapter">
				<property name="showSql" value="true"/>
			</bean>
		</property>
		<property name="jpaPropertyMap">
			<map>
				<entry key="hibernate.dialect" value="org.hibernate.dialect.MySQLDialect"/>
				<entry key="hibernate.hbm2ddl.auto" value="update" />
				<entry key="hibernate.format_sql" value="true" />
			</map>
		</property>
	</bean>
		<bean id="dataSource" class="org.springframework.jdbc.datasource.DriverManagerDataSource">
		<property name="driverClassName" value="com.mysql.jdbc.Driver"/>
		<property name="url" value="jdbc:mysql://din51002649:3306/ems_portal?zeroDateTimeBehavior=convertToNull"/>
		<property name="username" value="root"/>
		<property name="password" value="password"/> 
	</bean>
	
	<bean id="transactionManager" class="org.springframework.orm.jpa.JpaTransactionManager">
		<property name="entityManagerFactory" ref="entityManagerFactory"/>
	</bean>
	
	<tx:annotation-driven transaction-manager="transactionManager"/>
	<!-- <bean id="dataSource1"
		class="org.springframework.jdbc.datasource.DriverManagerDataSource">
		<property name="driverClassName" value="com.mysql.jdbc.Driver" />
		<property name="url"
			value="jdbc:mysql://DIN51002671:3306/springSecurity" />
		<property name="username" value="root" />
		<property name="password" value="password" />
	</bean>
	<bean id="entityManagerFactory"
		class="org.springframework.orm.jpa.LocalContainerEntityManagerFactoryBean">
		<property name="dataSource1" ref="dataSource1" />
		<property name="persistenceUnitName" value="AngularJsSpringExamplePU" />
		<property name="jpaVendorAdapter">
			<bean class="org.springframework.orm.jpa.vendor.HibernateJpaVendorAdapter">
				<property name="generateDdl" value="true" />
				<property name="showSql" value="true" />
			</bean>
		</property>
	</bean> -->

	<import resource="applicationDaoRegistryContext.xml" />

</beans>