<?xml version="1.0" encoding="UTF-8"?>
<beans xmlns="http://www.springframework.org/schema/beans"
	xmlns:xsi="http://www.w3.org/2001/XMLSchema-instance" xmlns:p="http://www.springframework.org/schema/p"
	xmlns:ctx="http://www.springframework.org/schema/context"
	xmlns:jee="http://www.springframework.org/schema/jee"
	xmlns:util="http://www.springframework.org/schema/util"
	xmlns:tx="http://www.springframework.org/schema/tx"
	xmlns:sec="http://www.springframework.org/schema/security"
	xsi:schemaLocation="
			http://www.springframework.org/schema/beans http://www.springframework.org/schema/beans/spring-beans-3.0.xsd
			http://www.springframework.org/schema/context http://www.springframework.org/schema/context/spring-context-3.0.xsd
			http://www.springframework.org/schema/jee http://www.springframework.org/schema/jee/spring-jee-3.0.xsd
			http://www.springframework.org/schema/util http://www.springframework.org/schema/util/spring-util-3.0.xsd
			http://www.springframework.org/schema/tx http://www.springframework.org/schema/tx/spring-tx-3.0.xsd
			http://www.springframework.org/schema/security http://www.springframework.org/schema/security/spring-security-3.1.xsd">

	<!-- <bean id="tagDao" class="org.angular.spring.dao.TagDaoJpa"/>
	<bean id="roleDao" class="org.angular.spring.dao.RoleDaoJpa"/>
	<bean id="userDao" class="org.angular.spring.dao.UserDaoJpa"/>
	
	<bean class="org.angular.spring.dao.DataSetup" init-method="setupTags">
		<constructor-arg index="0" ref="tagDao"/>
		<constructor-arg index="1" ref="roleDao"/>
		<constructor-arg index="2" ref="userDao"/>
	</bean>

	<bean class="org.angular.spring.dao.DataSetup" init-method="setupRoles">
		<constructor-arg index="0" ref="tagDao"/>
		<constructor-arg index="1" ref="roleDao"/>
		<constructor-arg index="2" ref="userDao"/>
	</bean>

	<bean class="org.angular.spring.dao.DataSetup" init-method="setupUsers">
		<constructor-arg index="0" ref="tagDao"/>
		<constructor-arg index="1" ref="roleDao"/>
		<constructor-arg index="2" ref="userDao"/>
	</bean> -->

</beans>